id,date,category,amount,payment_mode,month
1,2026-03-13,Food,120.0,,
2,2026-03-12,Travel,1000.0,,
3,2026-03-07,Dance Workshop,2000.0,,
4,2026-03-10,Beverage,200.0,,
5,01-01-2024,Transport,3279.0,Cash,May
6,01-02-2024,Entertainment,2080.0,Card,December
7,01-02-2024,Transport,3217.0,Online,December
8,01-02-2024,Utilities,1054.0,Online,May
9,01-05-2024,Food,13249.0,Cash,December
10,01-05-2024,Entertainment,14800.0,Cash,January
11,01-08-2024,Shopping,10856.0,Online,April
12,01-09-2024,Shopping,3630.0,Card,January
13,01-09-2024,Rent,9227.0,Online,March
14,01-10-2024,Food,2765.0,Online,July
15,01-12-2024,Rent,7214.0,Cash,September
16,01-12-2024,Health,5572.0,Card,November
17,1/14/2024,Utilities,11452.0,Card,March
18,1/15/2024,Food,9539.0,Cash,January
19,1/15/2024,Rent,2483.0,Online,November
20,1/16/2024,Food,12975.0,Card,April
21,1/17/2024,Entertainment,7157.0,Online,March
22,1/18/2024,Transport,6395.0,Card,May
23,1/19/2024,Transport,10682.0,Online,November
24,1/20/2024,Entertainment,2465.0,Card,December
25,1/21/2024,Entertainment,10400.0,Cash,May
26,1/21/2024,Transport,12547.0,Online,June
27,1/22/2024,Rent,2365.0,Online,January
28,1/22/2024,Rent,7394.0,Card,July
29,1/23/2024,Transport,13769.0,Cash,November
30,1/25/2024,Entertainment,12857.0,Cash,January
31,1/27/2024,Food,1660.0,Online,November
32,1/28/2024,Shopping,9054.0,Online,August
33,1/28/2024,Shopping,7661.0,Cash,April
34,1/29/2024,Health,10137.0,Online,July
35,02-02-2024,Entertainment,999.0,Cash,January
36,02-02-2024,Shopping,4098.0,Online,October
37,02-04-2024,Shopping,9647.0,Card,June
38,02-04-2024,Health,4214.0,Online,September
39,02-05-2024,Entertainment,14836.0,Card,January
40,02-05-2024,Entertainment,11344.0,Card,December
41,02-06-2024,Utilities,2820.0,Cash,February
42,02-06-2024,Rent,6336.0,Card,July
43,02-06-2024,Entertainment,6328.0,Card,May
44,02-07-2024,Health,13261.0,Card,August
45,02-08-2024,Food,5799.0,Cash,April
46,02-08-2024,Health,13181.0,Online,January
47,02-08-2024,Food,10833.0,Online,November
48,02-10-2024,Shopping,2528.0,Online,September
49,02-10-2024,Shopping,12813.0,Card,November
50,02-10-2024,Health,4411.0,Online,December
51,02-11-2024,Entertainment,6994.0,Online,January
52,02-12-2024,Food,10924.0,Online,November
53,2/15/2024,Utilities,9374.0,Online,October
54,2/16/2024,Food,6394.0,Online,November
55,2/16/2024,Shopping,10652.0,Cash,August
56,2/16/2024,Entertainment,5799.0,Card,November
57,2/17/2024,Health,10421.0,Cash,March
58,2/18/2024,Shopping,3765.0,Cash,August
59,2/20/2024,Food,8319.0,Online,May
60,2/22/2024,Health,5824.0,Card,September
61,2/22/2024,Utilities,6673.0,Online,August
62,2/22/2024,Utilities,11403.0,Card,August
63,2/23/2024,Rent,12070.0,Card,December
64,2/23/2024,Utilities,12336.0,Card,July
65,2/27/2024,Health,1490.0,Cash,July
66,2/27/2024,Entertainment,245.0,Online,September
67,2/27/2024,Utilities,1200.0,Card,April
68,2/27/2024,Rent,9335.0,Card,September
69,2/28/2024,Transport,3945.0,Online,July
70,03-02-2024,Shopping,11656.0,Online,August
71,03-03-2024,Utilities,12743.0,Cash,August
72,03-05-2024,Rent,2239.0,Cash,November
73,03-09-2024,Utilities,12711.0,Card,May
74,03-09-2024,Shopping,12215.0,Card,January
75,03-10-2024,Utilities,109.0,Online,December
76,03-12-2024,Food,10333.0,Online,August
77,3/14/2024,Food,1386.0,Card,January
78,3/15/2024,Health,12381.0,Card,February
79,3/16/2024,Utilities,8312.0,Online,June
80,3/16/2024,Rent,12160.0,Online,September
81,3/20/2024,Health,4458.0,Card,March
82,3/21/2024,Transport,12908.0,Card,February
83,3/21/2024,Entertainment,1033.0,Cash,May
84,3/26/2024,Shopping,11483.0,Cash,April
85,3/26/2024,Entertainment,6670.0,Card,February
86,3/28/2024,Health,13713.0,Card,May
87,3/30/2024,Entertainment,14584.0,Cash,May
88,3/30/2024,Entertainment,14832.0,Cash,May
89,3/31/2024,Health,1172.0,Cash,March
90,04-01-2024,Rent,1740.0,Card,January
91,04-01-2024,Food,8421.0,Cash,September
92,04-03-2024,Food,6627.0,Cash,October
93,04-05-2024,Entertainment,4393.0,Cash,September
94,04-05-2024,Entertainment,7159.0,Card,October
95,04-05-2024,Shopping,11181.0,Online,February
96,04-08-2024,Food,11630.0,Card,January
97,04-08-2024,Transport,9046.0,Cash,November
98,04-08-2024,Health,12629.0,Online,July
99,04-08-2024,Health,394.0,Card,May
100,04-08-2024,Shopping,7105.0,Online,January
101,04-08-2024,Food,13176.0,Cash,March
102,04-08-2024,Entertainment,13716.0,Card,April
103,04-09-2024,Utilities,12165.0,Cash,June
104,04-09-2024,Rent,8302.0,Cash,September
105,04-12-2024,Shopping,3532.0,Online,October
106,04-12-2024,Shopping,4594.0,Cash,January
107,4/13/2024,Food,629.0,Card,September
108,4/13/2024,Health,1809.0,Card,September
109,4/15/2024,Transport,1074.0,Cash,December
110,4/15/2024,Health,6216.0,Card,September
111,4/16/2024,Health,10526.0,Online,December
112,4/18/2024,Transport,3710.0,Online,February
113,4/21/2024,Transport,205.0,Card,July
114,4/22/2024,Food,11803.0,Online,October
115,4/22/2024,Rent,5726.0,Card,March
116,4/22/2024,Food,11525.0,Online,February
117,4/24/2024,Transport,8289.0,Card,June
118,4/25/2024,Health,10269.0,Card,November
119,4/26/2024,Entertainment,9260.0,Online,June
120,4/26/2024,Health,1056.0,Online,December
121,4/27/2024,Transport,12120.0,Card,August
122,4/29/2024,Food,9947.0,Online,July
123,4/29/2024,Health,2049.0,Online,January
124,05-01-2024,Transport,2575.0,Card,September
125,05-01-2024,Rent,9230.0,Cash,January
126,05-02-2024,Entertainment,6442.0,Cash,March
127,05-03-2024,Utilities,12257.0,Online,October
128,05-04-2024,Entertainment,13860.0,Online,February
129,05-05-2024,Utilities,12437.0,Online,February
130,05-06-2024,Food,10673.0,Cash,April
131,05-07-2024,Utilities,1055.0,Cash,December
132,05-08-2024,Entertainment,2704.0,Card,August
133,05-09-2024,Rent,5279.0,Card,January
134,05-10-2024,Food,6468.0,Cash,June
135,05-10-2024,Food,14661.0,Card,July
136,05-10-2024,Utilities,10401.0,Card,June
137,05-11-2024,Food,4716.0,Online,March
138,05-12-2024,Food,5639.0,Card,April
139,5/13/2024,Health,10929.0,Online,May
140,5/14/2024,Transport,2819.0,Online,October
141,5/14/2024,Entertainment,10346.0,Card,September
142,5/18/2024,Utilities,4386.0,Online,December
143,5/22/2024,Food,14723.0,Online,August
144,5/22/2024,Utilities,3255.0,Cash,March
145,5/23/2024,Food,10545.0,Online,March
146,5/23/2024,Rent,4246.0,Cash,April
147,5/23/2024,Health,8664.0,Card,April
148,5/23/2024,Food,13499.0,Online,July
149,5/24/2024,Transport,5391.0,Cash,June
150,5/26/2024,Food,8686.0,Online,May
151,5/27/2024,Health,13475.0,Cash,December
152,5/28/2024,Food,14214.0,Cash,June
153,5/29/2024,Transport,5643.0,Online,June
154,5/30/2024,Health,7251.0,Cash,April
155,5/30/2024,Rent,2143.0,Online,February
156,5/31/2024,Health,14156.0,Cash,May
157,06-01-2024,Health,1995.0,Cash,August
158,06-02-2024,Health,9500.0,Cash,July
159,06-03-2024,Transport,12573.0,Cash,February
160,06-05-2024,Rent,7414.0,Cash,March
161,06-06-2024,Shopping,8603.0,Online,October
162,06-08-2024,Rent,9005.0,Cash,July
163,06-08-2024,Utilities,14387.0,Online,November
164,06-08-2024,Health,9177.0,Cash,August
165,06-09-2024,Transport,9679.0,Online,April
166,06-09-2024,Entertainment,5483.0,Card,July
167,06-09-2024,Entertainment,7374.0,Cash,December
168,06-10-2024,Transport,12841.0,Cash,July
169,06-11-2024,Health,9973.0,Online,July
170,06-11-2024,Food,3244.0,Cash,May
171,6/13/2024,Health,9700.0,Online,July
172,6/15/2024,Shopping,4915.0,Card,January
173,6/15/2024,Health,12361.0,Card,August
174,6/16/2024,Health,13075.0,Online,November
175,6/16/2024,Entertainment,8736.0,Card,March
176,6/18/2024,Rent,6541.0,Online,May
177,6/19/2024,Entertainment,14959.0,Card,April
178,6/20/2024,Shopping,761.0,Cash,May
179,6/21/2024,Rent,6774.0,Online,August
180,6/21/2024,Rent,5116.0,Cash,April
181,6/22/2024,Transport,2459.0,Online,November
182,6/24/2024,Food,11206.0,Online,June
183,6/25/2024,Shopping,5545.0,Card,September
184,6/26/2024,Health,9877.0,Cash,September
185,6/28/2024,Shopping,5338.0,Online,June
186,6/29/2024,Rent,13743.0,Online,November
187,6/30/2024,Entertainment,6395.0,Online,May
188,07-02-2024,Transport,14423.0,Card,November
189,07-04-2024,Utilities,13567.0,Card,February
190,07-05-2024,Entertainment,13647.0,Card,January
191,07-06-2024,Shopping,14160.0,Card,October
192,07-07-2024,Entertainment,8567.0,Card,February
193,07-08-2024,Food,11286.0,Cash,June
194,07-08-2024,Health,11462.0,Cash,October
195,07-08-2024,Shopping,8953.0,Cash,December
196,07-08-2024,Transport,12140.0,Online,December
197,07-08-2024,Transport,10338.0,Cash,August
198,07-09-2024,Transport,1056.0,Cash,January
199,07-09-2024,Food,2952.0,Cash,June
200,07-10-2024,Utilities,8079.0,Online,June
201,07-10-2024,Shopping,6159.0,Card,January
202,07-10-2024,Utilities,3664.0,Cash,February
203,07-12-2024,Utilities,12249.0,Online,March
204,7/13/2024,Rent,558.0,Card,December
205,7/14/2024,Entertainment,9916.0,Online,June
206,7/14/2024,Entertainment,9572.0,Online,June
207,7/16/2024,Transport,4573.0,Cash,August
208,7/19/2024,Food,11636.0,Cash,August
209,7/19/2024,Health,2917.0,Card,January
210,7/19/2024,Utilities,6606.0,Online,November
211,7/20/2024,Utilities,8328.0,Cash,August
212,7/21/2024,Food,3733.0,Card,June
213,7/21/2024,Utilities,9869.0,Card,May
214,7/22/2024,Rent,2069.0,Cash,September
215,7/24/2024,Health,12557.0,Cash,November
216,7/25/2024,Food,5452.0,Card,September
217,7/26/2024,Rent,101.0,Online,November
218,7/31/2024,Rent,12198.0,Online,September
219,08-02-2024,Rent,12389.0,Online,October
220,08-02-2024,Transport,906.0,Cash,July
221,08-04-2024,Transport,4030.0,Card,April
222,08-04-2024,Food,10239.0,Cash,October
223,08-04-2024,Food,12268.0,Cash,August
224,08-05-2024,Shopping,991.0,Card,September
225,08-05-2024,Health,13062.0,Cash,November
226,08-07-2024,Rent,3156.0,Card,April
227,08-07-2024,Entertainment,13705.0,Card,September
228,08-07-2024,Shopping,3373.0,Cash,March
229,08-07-2024,Shopping,4744.0,Online,January
230,08-10-2024,Health,10766.0,Card,December
231,08-10-2024,Utilities,7411.0,Card,October
232,08-12-2024,Health,6735.0,Card,April
233,08-12-2024,Shopping,10798.0,Online,March
234,08-12-2024,Rent,1198.0,Online,September
235,8/13/2024,Health,13712.0,Card,September
236,8/14/2024,Shopping,3141.0,Cash,July
237,8/14/2024,Rent,13386.0,Online,May
238,8/16/2024,Shopping,12300.0,Cash,October
239,8/17/2024,Shopping,3754.0,Online,April
240,8/17/2024,Food,4209.0,Card,September
241,8/18/2024,Food,12291.0,Cash,April
242,8/18/2024,Health,13118.0,Cash,December
243,8/18/2024,Rent,14970.0,Online,March
244,8/20/2024,Health,2996.0,Card,June
245,8/20/2024,Utilities,1341.0,Card,June
246,8/20/2024,Food,6147.0,Cash,August
247,8/20/2024,Health,6670.0,Online,April
248,8/21/2024,Food,1923.0,Online,December
249,8/22/2024,Rent,10928.0,Online,November
250,8/24/2024,Transport,9300.0,Card,August
251,8/28/2024,Transport,377.0,Cash,February
252,8/29/2024,Entertainment,732.0,Online,March
253,8/29/2024,Food,10668.0,Online,November
254,8/30/2024,Utilities,4669.0,Cash,November
255,8/31/2024,Food,2566.0,Cash,December
256,09-02-2024,Health,8004.0,Card,August
257,09-03-2024,Transport,12604.0,Online,October
258,09-03-2024,Health,8882.0,Cash,July
259,09-07-2024,Food,10394.0,Cash,October
260,09-08-2024,Food,9616.0,Card,July
261,09-08-2024,Health,13371.0,Cash,September
262,09-09-2024,Shopping,1036.0,Online,January
263,09-09-2024,Shopping,13853.0,Cash,June
264,09-09-2024,Health,2171.0,Cash,April
265,09-09-2024,Utilities,12881.0,Card,August
266,09-09-2024,Food,14594.0,Cash,September
267,09-10-2024,Food,10091.0,Card,August
268,09-10-2024,Rent,13721.0,Online,October
269,09-10-2024,Food,12530.0,Card,January
270,09-12-2024,Utilities,10626.0,Online,May
271,09-12-2024,Health,3553.0,Cash,March
272,9/14/2024,Shopping,5009.0,Online,June
273,9/15/2024,Transport,14152.0,Card,January
274,9/15/2024,Entertainment,14388.0,Online,June
275,9/19/2024,Health,313.0,Online,August
276,9/20/2024,Utilities,10285.0,Cash,November
277,9/21/2024,Health,506.0,Card,August
278,9/24/2024,Health,12318.0,Card,August
279,9/24/2024,Utilities,5804.0,Online,November
280,9/25/2024,Food,3278.0,Card,May
281,9/26/2024,Food,3120.0,Card,November
282,9/27/2024,Food,9255.0,Cash,March
283,9/27/2024,Health,5168.0,Card,April
284,9/28/2024,Rent,4685.0,Online,February
285,9/29/2024,Transport,5352.0,Online,October
286,9/30/2024,Health,4976.0,Cash,February
287,10-03-2024,Rent,3489.0,Card,July
288,10-03-2024,Utilities,1366.0,Online,January
289,10-03-2024,Shopping,11693.0,Online,March
290,10-03-2024,Shopping,2975.0,Card,February
291,10-05-2024,Rent,10793.0,Card,December
292,10-06-2024,Shopping,6159.0,Cash,May
293,10-06-2024,Rent,6178.0,Online,October
294,10-09-2024,Utilities,11901.0,Cash,February
295,10-09-2024,Entertainment,11248.0,Cash,December
296,10-10-2024,Transport,9041.0,Card,September
297,10-11-2024,Utilities,9210.0,Cash,December
298,10-11-2024,Shopping,3330.0,Online,December
299,10/14/2024,Utilities,11271.0,Online,March
300,10/15/2024,Transport,656.0,Online,May
301,10/15/2024,Rent,9306.0,Online,August
302,10/20/2024,Rent,1059.0,Card,October
303,10/22/2024,Shopping,417.0,Online,August
304,10/24/2024,Entertainment,13803.0,Cash,June
305,10/27/2024,Entertainment,3197.0,Card,September
306,10/28/2024,Transport,9194.0,Card,May
307,10/28/2024,Transport,11973.0,Cash,March
308,10/30/2024,Shopping,8883.0,Cash,February
309,10/31/2024,Entertainment,1225.0,Card,April
310,10/31/2024,Food,7162.0,Card,March
311,11-04-2024,Food,14999.0,Card,April
312,11-09-2024,Rent,4655.0,Card,January
313,11-09-2024,Health,924.0,Cash,April
314,11-11-2024,Transport,10322.0,Online,December
315,11-11-2024,Shopping,1835.0,Card,January
316,11/13/2024,Food,2944.0,Card,August
317,11/16/2024,Rent,1625.0,Online,August
318,11/18/2024,Rent,6775.0,Online,March
319,11/18/2024,Food,5731.0,Cash,July
320,11/20/2024,Transport,402.0,Online,May
321,11/21/2024,Food,1975.0,Cash,August
322,11/22/2024,Transport,9535.0,Cash,April
323,11/25/2024,Transport,10206.0,Card,February
324,11/26/2024,Entertainment,9755.0,Card,December
325,11/26/2024,Entertainment,8320.0,Online,August
326,12-01-2024,Shopping,10155.0,Card,November
327,12-03-2024,Entertainment,2025.0,Online,February
328,12-03-2024,Transport,1489.0,Online,February
329,12-03-2024,Transport,13734.0,Online,April
330,12-04-2024,Utilities,5595.0,Online,October
331,12-05-2024,Health,1390.0,Card,May
332,12-05-2024,Entertainment,2528.0,Online,May
333,12-06-2024,Entertainment,10325.0,Online,March
334,12-07-2024,Transport,11122.0,Card,November
335,12-07-2024,Rent,6384.0,Cash,July
336,12-07-2024,Rent,12688.0,Online,October
337,12-09-2024,Entertainment,462.0,Card,May
338,12-09-2024,Entertainment,5790.0,Online,February
339,12-11-2024,Shopping,2533.0,Online,May
340,12-11-2024,Utilities,2033.0,Online,July
341,12-11-2024,Shopping,9868.0,Online,February
342,12-11-2024,Rent,2025.0,Card,July
343,12/13/2024,Health,7913.0,Cash,January
344,12/13/2024,Entertainment,730.0,Cash,September
345,12/13/2024,Rent,3710.0,Online,November
346,12/14/2024,Health,8812.0,Card,July
347,12/14/2024,Utilities,13618.0,Online,July
348,12/15/2024,Transport,6756.0,Online,January
349,12/19/2024,Shopping,3914.0,Card,January
350,12/22/2024,Entertainment,7619.0,Online,December
351,12/23/2024,Transport,807.0,Cash,October
352,12/24/2024,Utilities,7366.0,Cash,November
353,12/26/2024,Shopping,9876.0,Cash,July
354,12/30/2024,Utilities,14994.0,Card,May
355,12/30/2024,Food,13358.0,Card,June
356,01-01-2025,Food,13339.0,Cash,September
357,01-01-2025,Shopping,9006.0,Cash,March
358,01-03-2025,Transport,6571.0,Online,April
359,01-03-2025,Transport,1087.0,Online,September
360,01-04-2025,Utilities,6152.0,Cash,October
361,01-07-2025,Health,5201.0,Online,June
362,01-07-2025,Rent,11707.0,Online,August
363,01-07-2025,Shopping,5151.0,Cash,April
364,01-07-2025,Utilities,11263.0,Cash,January
365,01-08-2025,Transport,3193.0,Cash,October
366,01-09-2025,Entertainment,614.0,Cash,January
367,01-10-2025,Transport,2290.0,Online,November
368,01-11-2025,Food,14394.0,Cash,May
369,1/13/2025,Shopping,9117.0,Card,August
370,1/14/2025,Rent,8225.0,Cash,June
371,1/14/2025,Transport,1412.0,Cash,December
372,1/18/2025,Utilities,5343.0,Online,January
373,1/19/2025,Transport,2355.0,Cash,January
374,1/19/2025,Utilities,12957.0,Cash,November
375,1/20/2025,Health,9176.0,Cash,April
376,1/20/2025,Utilities,14364.0,Online,November
377,1/20/2025,Utilities,4832.0,Cash,April
378,1/21/2025,Health,13798.0,Cash,September
379,1/21/2025,Entertainment,1349.0,Online,September
380,1/22/2025,Health,9710.0,Online,September
381,1/22/2025,Rent,7387.0,Online,January
382,1/24/2025,Health,11911.0,Cash,June
383,1/24/2025,Transport,9275.0,Cash,June
384,1/26/2025,Rent,2530.0,Card,November
385,1/26/2025,Rent,4895.0,Online,April
386,1/27/2025,Shopping,1068.0,Card,July
387,1/27/2025,Rent,14456.0,Card,November
388,1/27/2025,Utilities,12973.0,Cash,May
389,1/27/2025,Rent,5147.0,Cash,March
390,1/28/2025,Shopping,12692.0,Cash,August
391,1/30/2025,Health,10703.0,Cash,December
392,1/30/2025,Rent,240.0,Online,March
393,1/31/2025,Shopping,8334.0,Online,June
394,1/31/2025,Utilities,588.0,Cash,June
395,02-01-2025,Shopping,10806.0,Card,June
396,02-01-2025,Rent,14059.0,Card,October
397,02-01-2025,Shopping,14271.0,Cash,December
398,02-03-2025,Entertainment,1746.0,Card,January
399,02-04-2025,Rent,14822.0,Card,June
400,02-04-2025,Transport,13495.0,Cash,January
401,02-05-2025,Entertainment,11894.0,Online,September
402,02-05-2025,Rent,5395.0,Card,December
403,02-06-2025,Utilities,216.0,Online,January
404,02-06-2025,Utilities,3710.0,Cash,January
405,02-07-2025,Shopping,11140.0,Card,July
406,02-10-2025,Shopping,11621.0,Card,June
407,02-10-2025,Transport,7591.0,Cash,May
408,02-11-2025,Rent,6804.0,Cash,September
409,02-11-2025,Health,625.0,Card,April
410,02-12-2025,Rent,7722.0,Cash,October
411,2/14/2025,Transport,3442.0,Card,May
412,2/16/2025,Utilities,4906.0,Card,January
413,2/17/2025,Shopping,7927.0,Cash,April
414,2/18/2025,Utilities,9482.0,Cash,June
415,2/18/2025,Entertainment,4297.0,Cash,March
416,2/18/2025,Rent,10717.0,Online,November
417,2/19/2025,Health,8811.0,Online,May
418,2/20/2025,Shopping,5308.0,Card,January
419,2/21/2025,Food,1467.0,Card,June
420,2/22/2025,Shopping,14568.0,Card,February
421,2/23/2025,Health,7114.0,Card,March
422,2/23/2025,Transport,9208.0,Cash,November
423,2/25/2025,Transport,5391.0,Cash,July
424,2/25/2025,Transport,189.0,Card,September
425,03-02-2025,Entertainment,8233.0,Card,August
426,03-03-2025,Entertainment,9279.0,Cash,September
427,03-07-2025,Food,7275.0,Card,November
428,03-10-2025,Utilities,7451.0,Online,August
429,03-11-2025,Shopping,8156.0,Online,August
430,3/13/2025,Shopping,10426.0,Online,December
431,3/14/2025,Health,14097.0,Online,June
432,3/16/2025,Transport,2449.0,Cash,March
433,3/17/2025,Health,6546.0,Cash,November
434,3/17/2025,Entertainment,12341.0,Online,October
435,3/19/2025,Health,729.0,Card,June
436,3/20/2025,Shopping,9952.0,Card,October
437,3/20/2025,Transport,13278.0,Online,October
438,3/22/2025,Shopping,1339.0,Online,July
439,3/25/2025,Food,307.0,Cash,December
440,3/26/2025,Entertainment,6907.0,Online,August
441,3/28/2025,Food,12096.0,Online,April
442,3/28/2025,Entertainment,13747.0,Card,October
443,3/28/2025,Transport,14527.0,Card,December
444,3/30/2025,Entertainment,10974.0,Cash,August
445,3/30/2025,Rent,9306.0,Cash,July
446,3/31/2025,Food,9754.0,Card,May
447,3/31/2025,Entertainment,12980.0,Cash,December
448,3/31/2025,Health,138.0,Cash,December
449,04-01-2025,Health,11860.0,Card,August
450,04-03-2025,Food,7586.0,Card,October
451,04-04-2025,Shopping,11677.0,Online,October
452,04-04-2025,Shopping,12613.0,Cash,August
453,04-05-2025,Entertainment,671.0,Cash,November
454,04-05-2025,Entertainment,3974.0,Card,July
455,04-06-2025,Transport,5333.0,Online,January
456,04-06-2025,Entertainment,7109.0,Card,February
457,04-08-2025,Transport,1863.0,Cash,July
458,04-11-2025,Shopping,4905.0,Card,October
459,4/13/2025,Transport,13745.0,Online,October
460,4/14/2025,Health,994.0,Online,June
461,4/15/2025,Transport,14396.0,Card,November
462,4/15/2025,Shopping,7943.0,Card,July
463,4/16/2025,Shopping,3878.0,Card,April
464,4/16/2025,Health,13581.0,Online,April
465,4/17/2025,Food,5520.0,Cash,March
466,4/17/2025,Transport,8719.0,Cash,October
467,4/17/2025,Utilities,14514.0,Online,May
468,4/18/2025,Rent,1374.0,Cash,September
469,4/18/2025,Health,4570.0,Cash,October
470,4/19/2025,Transport,14065.0,Card,February
471,4/19/2025,Shopping,14299.0,Card,September
472,4/20/2025,Entertainment,3140.0,Card,July
473,4/20/2025,Food,7314.0,Card,October
474,4/21/2025,Health,5470.0,Card,March
475,4/21/2025,Rent,3691.0,Card,April
476,4/21/2025,Entertainment,3020.0,Online,July
477,4/25/2025,Transport,2027.0,Cash,December
478,4/28/2025,Entertainment,6112.0,Card,January
479,4/29/2025,Entertainment,7412.0,Card,November
480,4/29/2025,Shopping,1365.0,Online,December
481,05-02-2025,Food,13572.0,Card,April
482,05-03-2025,Entertainment,12152.0,Card,March
483,05-04-2025,Rent,5250.0,Cash,November
484,05-04-2025,Food,9561.0,Cash,May
485,05-06-2025,Food,13995.0,Card,February
486,05-06-2025,Food,13450.0,Online,February
487,05-07-2025,Rent,11439.0,Card,November
488,05-07-2025,Shopping,9577.0,Online,February
489,05-10-2025,Shopping,13773.0,Card,May
490,05-11-2025,Rent,14375.0,Online,January
491,05-11-2025,Utilities,452.0,Online,May
492,05-11-2025,Shopping,4216.0,Online,June
493,5/13/2025,Food,1767.0,Card,November
494,5/13/2025,Food,3838.0,Cash,June
495,5/14/2025,Food,7385.0,Cash,October
496,5/15/2025,Health,3826.0,Cash,December
497,5/16/2025,Entertainment,5349.0,Cash,July
498,5/17/2025,Food,2503.0,Cash,February
499,5/17/2025,Rent,1107.0,Cash,April
500,5/18/2025,Health,12498.0,Online,August
501,5/19/2025,Entertainment,11795.0,Cash,June
502,5/19/2025,Transport,9141.0,Card,April
503,5/20/2025,Transport,11396.0,Online,May
504,5/20/2025,Entertainment,474.0,Cash,December
505,5/20/2025,Shopping,14215.0,Cash,January
506,5/22/2025,Rent,10758.0,Cash,May
507,5/23/2025,Entertainment,1318.0,Card,June
508,5/24/2025,Health,4279.0,Online,July
509,5/24/2025,Food,9178.0,Card,October
510,5/25/2025,Rent,683.0,Card,August
511,5/25/2025,Food,6969.0,Cash,February
512,5/25/2025,Transport,1896.0,Card,February
513,5/25/2025,Rent,626.0,Card,September
514,5/26/2025,Shopping,12768.0,Online,June
515,5/26/2025,Utilities,10281.0,Card,December
516,5/27/2025,Shopping,6864.0,Cash,May
517,5/27/2025,Food,11136.0,Cash,August
518,5/30/2025,Entertainment,10627.0,Online,March
519,5/30/2025,Entertainment,12244.0,Card,April
520,5/31/2025,Rent,1898.0,Cash,December
521,06-01-2025,Shopping,14125.0,Card,December
522,06-02-2025,Rent,7202.0,Card,May
523,06-04-2025,Entertainment,7024.0,Cash,June
524,06-05-2025,Health,9810.0,Card,January
525,06-08-2025,Shopping,13861.0,Online,December
526,06-08-2025,Utilities,6577.0,Cash,February
527,06-08-2025,Entertainment,8173.0,Cash,December
528,06-09-2025,Entertainment,10893.0,Online,July
529,6/14/2025,Transport,1416.0,Card,August
530,6/15/2025,Rent,13087.0,Card,November
531,6/21/2025,Health,12865.0,Cash,September
532,6/23/2025,Food,8358.0,Card,March
533,6/24/2025,Rent,9209.0,Cash,March
534,6/28/2025,Transport,3391.0,Online,February
535,6/30/2025,Entertainment,406.0,Cash,January
536,6/30/2025,Rent,12175.0,Cash,September
537,6/30/2025,Shopping,9982.0,Card,May
538,07-01-2025,Health,7110.0,Card,November
539,07-04-2025,Shopping,12725.0,Online,September
540,07-04-2025,Shopping,9656.0,Cash,November
541,07-07-2025,Shopping,12194.0,Cash,June
542,07-09-2025,Transport,5143.0,Card,March
543,07-09-2025,Transport,3928.0,Cash,December
544,07-09-2025,Entertainment,9205.0,Online,September
545,07-09-2025,Entertainment,6752.0,Card,March
546,07-10-2025,Rent,4899.0,Cash,December
547,07-11-2025,Food,761.0,Cash,September
548,7/13/2025,Health,5278.0,Cash,June
549,7/14/2025,Shopping,6502.0,Card,March
550,7/15/2025,Rent,12427.0,Card,March
551,7/16/2025,Shopping,9888.0,Card,September
552,7/16/2025,Shopping,7279.0,Online,May
553,7/17/2025,Shopping,13256.0,Cash,January
554,7/17/2025,Utilities,13607.0,Card,March
555,7/17/2025,Rent,6642.0,Cash,September
556,7/18/2025,Entertainment,1063.0,Online,February
557,7/18/2025,Shopping,1480.0,Card,October
558,7/19/2025,Food,12423.0,Card,May
559,7/19/2025,Health,7391.0,Card,October
560,7/19/2025,Entertainment,9084.0,Card,July
561,7/19/2025,Transport,6663.0,Cash,May
562,7/20/2025,Health,7757.0,Card,July
563,7/22/2025,Shopping,11927.0,Online,May
564,7/23/2025,Transport,12315.0,Online,April
565,7/23/2025,Food,9565.0,Card,June
566,7/25/2025,Utilities,6831.0,Card,December
567,7/25/2025,Shopping,5997.0,Cash,April
568,7/27/2025,Rent,786.0,Card,February
569,7/27/2025,Food,8880.0,Cash,November
570,7/28/2025,Entertainment,9537.0,Online,March
571,7/28/2025,Health,4456.0,Card,June
572,7/30/2025,Shopping,7948.0,Online,January
573,7/31/2025,Transport,2453.0,Card,January
574,08-02-2025,Transport,4011.0,Online,August
575,08-03-2025,Entertainment,5470.0,Card,December
576,08-09-2025,Shopping,1017.0,Cash,May
577,08-10-2025,Transport,4545.0,Cash,October
578,8/15/2025,Rent,2569.0,Cash,January
579,8/16/2025,Health,14888.0,Online,April
580,8/18/2025,Food,11314.0,Cash,February
581,8/23/2025,Utilities,7080.0,Card,November
582,8/23/2025,Rent,992.0,Cash,September
583,8/24/2025,Health,3812.0,Card,July
584,8/26/2025,Shopping,2303.0,Cash,January
585,8/27/2025,Transport,9142.0,Online,February
586,8/29/2025,Utilities,9639.0,Card,April
587,8/29/2025,Rent,12180.0,Card,May
588,8/30/2025,Rent,5758.0,Card,December
589,8/30/2025,Transport,7805.0,Cash,January
590,8/31/2025,Transport,3738.0,Cash,March
591,8/31/2025,Utilities,14890.0,Cash,February
592,09-01-2025,Health,12191.0,Cash,September
593,09-02-2025,Rent,878.0,Online,February
594,09-03-2025,Utilities,10837.0,Cash,March
595,09-03-2025,Rent,8420.0,Card,May
596,09-04-2025,Food,369.0,Card,April
597,09-04-2025,Entertainment,674.0,Card,December
598,09-04-2025,Transport,2164.0,Card,June
599,09-04-2025,Health,7524.0,Card,February
600,09-06-2025,Food,12360.0,Cash,December
601,09-08-2025,Shopping,9113.0,Card,February
602,09-11-2025,Food,11183.0,Card,October
603,09-11-2025,Utilities,5446.0,Online,October
604,9/15/2025,Health,10740.0,Cash,October
605,9/16/2025,Health,12957.0,Cash,January
606,9/16/2025,Rent,3274.0,Cash,March
607,9/17/2025,Health,7332.0,Cash,March
608,9/17/2025,Utilities,9733.0,Cash,February
609,9/19/2025,Shopping,7933.0,Card,May
610,9/19/2025,Food,13125.0,Cash,December
611,9/24/2025,Rent,9745.0,Online,June
612,9/25/2025,Rent,205.0,Cash,April
613,9/25/2025,Transport,381.0,Card,November
614,9/25/2025,Utilities,9767.0,Card,March
615,9/27/2025,Health,2834.0,Online,November
616,9/29/2025,Transport,7100.0,Card,February
617,9/29/2025,Transport,10824.0,Card,August
618,9/29/2025,Utilities,1707.0,Online,January
619,9/30/2025,Entertainment,1494.0,Online,September
620,10-01-2025,Utilities,307.0,Cash,September
621,10-01-2025,Health,9198.0,Cash,December
622,10-01-2025,Transport,13731.0,Cash,July
623,10-02-2025,Health,9608.0,Card,March
624,10-02-2025,Food,12994.0,Online,June
625,10-03-2025,Rent,10147.0,Online,March
626,10-04-2025,Food,13087.0,Online,December
627,10-07-2025,Food,4911.0,Card,June
628,10-08-2025,Transport,8294.0,Card,February
629,10-09-2025,Rent,10000.0,Online,August
630,10-09-2025,Rent,10008.0,Online,February
631,10-09-2025,Health,11115.0,Cash,June
632,10-10-2025,Entertainment,9178.0,Online,January
633,10/13/2025,Food,13497.0,Card,August
634,10/14/2025,Transport,3783.0,Cash,October
635,10/14/2025,Food,8205.0,Online,August
636,10/15/2025,Food,113.0,Card,April
637,10/16/2025,Rent,1140.0,Card,July
638,10/17/2025,Transport,5442.0,Card,May
639,10/17/2025,Food,12740.0,Cash,November
640,10/17/2025,Food,3292.0,Cash,June
641,10/18/2025,Shopping,1400.0,Card,April
642,10/18/2025,Shopping,3668.0,Card,June
643,10/19/2025,Food,2237.0,Online,September
644,10/20/2025,Entertainment,10644.0,Online,May
645,10/20/2025,Entertainment,6357.0,Cash,February
646,10/20/2025,Shopping,4890.0,Card,March
647,10/20/2025,Utilities,14431.0,Card,August
648,10/20/2025,Shopping,11643.0,Online,September
649,10/21/2025,Transport,5110.0,Online,January
650,10/21/2025,Shopping,9308.0,Card,January
651,10/23/2025,Transport,7978.0,Cash,January
652,10/24/2025,Health,3089.0,Cash,June
653,10/24/2025,Shopping,12301.0,Card,December
654,10/25/2025,Food,9619.0,Card,May
655,10/25/2025,Food,9253.0,Card,June
656,10/25/2025,Health,14098.0,Online,January
657,10/25/2025,Shopping,1968.0,Card,July
658,10/26/2025,Transport,2213.0,Cash,October
659,10/29/2025,Entertainment,3813.0,Cash,January
660,10/31/2025,Shopping,7967.0,Card,February
661,10/31/2025,Utilities,10504.0,Cash,February
662,11-02-2025,Health,3776.0,Cash,March
663,11-02-2025,Rent,11822.0,Cash,December
664,11-02-2025,Transport,7521.0,Online,June
665,11-03-2025,Rent,6832.0,Online,January
666,11-05-2025,Rent,6250.0,Cash,January
667,11-05-2025,Utilities,11965.0,Online,June
668,11-06-2025,Entertainment,1540.0,Cash,July
669,11-06-2025,Rent,4355.0,Cash,May
670,11-06-2025,Transport,6702.0,Online,February
671,11-07-2025,Utilities,10496.0,Online,April
672,11-11-2025,Food,652.0,Cash,April
673,11-12-2025,Rent,8345.0,Online,September
674,11-12-2025,Entertainment,10439.0,Online,July
675,11-12-2025,Rent,6530.0,Online,March
676,11-12-2025,Health,7537.0,Cash,March
677,11/14/2025,Shopping,11493.0,Online,June
678,11/14/2025,Entertainment,1084.0,Card,March
679,11/14/2025,Transport,10277.0,Card,October
680,11/15/2025,Rent,8732.0,Online,March
681,11/15/2025,Health,4748.0,Card,May
682,11/16/2025,Utilities,10917.0,Cash,September
683,11/17/2025,Rent,2013.0,Online,March
684,11/18/2025,Entertainment,11753.0,Online,October
685,11/19/2025,Utilities,14397.0,Cash,July
686,11/20/2025,Shopping,10700.0,Cash,June
687,11/21/2025,Rent,803.0,Card,June
688,11/21/2025,Entertainment,2482.0,Online,July
689,11/22/2025,Shopping,11745.0,Card,July
690,11/22/2025,Rent,3474.0,Online,September
691,11/23/2025,Utilities,9984.0,Online,April
692,11/25/2025,Health,2963.0,Cash,May
693,11/27/2025,Entertainment,3349.0,Online,November
694,11/28/2025,Utilities,7497.0,Cash,January
695,11/28/2025,Rent,9544.0,Cash,May
696,11/29/2025,Food,9235.0,Online,May
697,11/29/2025,Entertainment,8313.0,Cash,February
698,11/29/2025,Entertainment,3698.0,Card,November
699,11/30/2025,Shopping,826.0,Online,February
700,11/30/2025,Utilities,14136.0,Online,August
701,12-01-2025,Transport,1928.0,Card,August
702,12-02-2025,Shopping,14659.0,Online,February
703,12-03-2025,Entertainment,4072.0,Cash,March
704,12-04-2025,Food,2389.0,Card,December
705,12-04-2025,Food,7526.0,Card,February
706,12-06-2025,Entertainment,2156.0,Card,December
707,12-09-2025,Transport,3474.0,Online,March
708,12-10-2025,Food,3480.0,Card,November
709,12-10-2025,Entertainment,6640.0,Cash,July
710,12-11-2025,Transport,11060.0,Cash,January
711,12/14/2025,Health,3325.0,Cash,August
712,12/18/2025,Rent,10130.0,Card,February
713,12/20/2025,Food,10562.0,Card,August
714,12/20/2025,Transport,2262.0,Online,May
715,12/24/2025,Entertainment,9524.0,Online,October
716,12/25/2025,Utilities,2496.0,Online,December
717,12/26/2025,Health,13936.0,Cash,October
718,12/27/2025,Rent,11230.0,Online,October
719,12/27/2025,Rent,11403.0,Card,August
720,12/27/2025,Rent,3653.0,Online,December
721,12/28/2025,Utilities,10304.0,Card,May
722,12/29/2025,Shopping,12278.0,Online,May
723,12/29/2025,Entertainment,14151.0,Card,August
724,12/30/2025,Rent,14013.0,Cash,December
725,12/30/2025,Health,5876.0,Online,June
726,01-01-2026,Shopping,11353.0,Cash,April
727,01-01-2026,Utilities,10693.0,Card,September
728,01-02-2026,Shopping,12308.0,Card,November
729,01-03-2026,Utilities,6912.0,Online,April
730,01-03-2026,Transport,12871.0,Card,May
731,01-04-2026,Shopping,11480.0,Online,March
732,01-04-2026,Health,4803.0,Card,January
733,01-05-2026,Utilities,9318.0,Online,September
734,01-05-2026,Entertainment,5289.0,Online,September
735,01-05-2026,Entertainment,5490.0,Card,August
736,01-08-2026,Food,13644.0,Cash,July
737,01-08-2026,Transport,14537.0,Card,November
738,01-09-2026,Utilities,12445.0,Cash,August
739,01-10-2026,Rent,719.0,Online,April
740,01-12-2026,Health,5184.0,Online,October
741,1/14/2026,Transport,8807.0,Online,May
742,1/14/2026,Entertainment,12832.0,Cash,August
743,1/17/2026,Entertainment,11092.0,Card,December
744,1/18/2026,Food,2845.0,Cash,July
745,1/18/2026,Rent,14627.0,Cash,November
746,1/19/2026,Utilities,5004.0,Online,August
747,1/19/2026,Entertainment,5857.0,Cash,December
748,1/20/2026,Transport,11708.0,Cash,May
749,1/20/2026,Health,6362.0,Card,January
750,1/21/2026,Shopping,9786.0,Cash,January
751,1/21/2026,Utilities,3324.0,Online,March
752,1/23/2026,Transport,9929.0,Online,October
753,1/23/2026,Food,7327.0,Card,April
754,1/27/2026,Health,12473.0,Online,January
755,1/28/2026,Food,6995.0,Cash,February
756,1/28/2026,Rent,4540.0,Card,August
757,1/30/2026,Transport,5692.0,Online,February
758,1/31/2026,Rent,4712.0,Online,November
759,1/31/2026,Health,11777.0,Cash,September
760,02-02-2026,Utilities,6880.0,Cash,July
761,02-02-2026,Entertainment,3862.0,Card,January
762,02-02-2026,Health,10288.0,Online,March
763,02-02-2026,Health,7199.0,Card,April
764,02-05-2026,Entertainment,5545.0,Card,January
765,02-05-2026,Transport,12736.0,Card,October
766,02-07-2026,Entertainment,3819.0,Online,February
767,02-07-2026,Health,4643.0,Cash,September
768,02-08-2026,Rent,13159.0,Cash,February
769,02-09-2026,Health,5897.0,Cash,March
770,02-10-2026,Transport,4233.0,Cash,December
771,02-11-2026,Transport,2908.0,Online,August
772,02-12-2026,Rent,6376.0,Card,January
773,2/14/2026,Food,1100.0,Cash,September
774,2/14/2026,Entertainment,14239.0,Online,June
775,2/14/2026,Rent,11887.0,Online,September
776,2/14/2026,Entertainment,5116.0,Cash,December
777,2/15/2026,Health,4775.0,Card,January
778,2/17/2026,Entertainment,8457.0,Online,November
779,2/18/2026,Shopping,12157.0,Card,October
780,2/18/2026,Shopping,3841.0,Card,November
781,2/21/2026,Food,13932.0,Card,November
782,2/21/2026,Rent,3181.0,Cash,January
783,2/22/2026,Rent,2572.0,Online,January
784,2/23/2026,Transport,3814.0,Cash,September
785,2/25/2026,Food,14235.0,Cash,September
786,2/25/2026,Entertainment,5852.0,Card,April
787,2/28/2026,Entertainment,225.0,Online,October
788,03-01-2026,Shopping,4053.0,Cash,May
789,03-02-2026,Utilities,14277.0,Cash,January
790,03-02-2026,Entertainment,1086.0,Card,September
791,03-02-2026,Rent,10674.0,Online,March
792,03-03-2026,Shopping,1812.0,Card,October
793,03-05-2026,Shopping,5303.0,Online,October
794,03-05-2026,Transport,11818.0,Cash,May
795,03-06-2026,Transport,6453.0,Cash,March
796,03-06-2026,Entertainment,12039.0,Cash,September
797,03-06-2026,Food,4531.0,Online,November
798,03-08-2026,Health,6913.0,Online,January
799,03-08-2026,Health,10461.0,Card,November
800,03-08-2026,Rent,111.0,Card,August
801,03-08-2026,Food,10799.0,Card,July
802,03-10-2026,Food,3316.0,Cash,June
803,03-11-2026,Health,10005.0,Card,February
804,03-12-2026,Utilities,14746.0,Online,August
805,03-12-2026,Rent,1158.0,Cash,July
806,3/14/2026,Entertainment,14194.0,Cash,July
807,3/15/2026,Transport,9839.0,Online,October
808,3/16/2026,Entertainment,5529.0,Card,January
809,3/17/2026,Entertainment,1782.0,Card,November
810,3/21/2026,Shopping,3058.0,Card,June
811,3/23/2026,Rent,3339.0,Online,November
812,3/25/2026,Entertainment,1443.0,Card,December
813,3/25/2026,Health,9308.0,Cash,January
814,3/26/2026,Entertainment,9399.0,Cash,February
815,3/26/2026,Shopping,8132.0,Card,July
816,3/26/2026,Health,2456.0,Cash,February
817,3/26/2026,Utilities,4136.0,Online,June
818,3/28/2026,Shopping,11661.0,Cash,August
819,3/29/2026,Entertainment,14651.0,Card,May
820,3/29/2026,Transport,7127.0,Online,October
821,3/30/2026,Shopping,4267.0,Cash,April
822,3/30/2026,Utilities,9599.0,Cash,November
823,04-01-2026,Entertainment,7017.0,Online,April
824,04-01-2026,Transport,14763.0,Cash,February
825,04-02-2026,Entertainment,7129.0,Cash,October
826,04-03-2026,Entertainment,7427.0,Card,August
827,04-03-2026,Shopping,2593.0,Card,January
828,04-04-2026,Food,12297.0,Card,December
829,04-05-2026,Food,2872.0,Cash,April
830,04-06-2026,Transport,3255.0,Card,March
831,04-07-2026,Health,101.0,Online,March
832,04-08-2026,Entertainment,14677.0,Cash,August
833,04-08-2026,Transport,869.0,Online,December
834,04-08-2026,Health,11994.0,Online,April
835,04-09-2026,Health,2039.0,Card,November
836,04-09-2026,Food,1088.0,Cash,April
837,04-10-2026,Entertainment,9871.0,Cash,May
838,04-11-2026,Food,11029.0,Online,March
839,04-12-2026,Rent,11230.0,Cash,April
840,4/13/2026,Transport,13225.0,Cash,June
841,4/14/2026,Utilities,11524.0,Cash,December
842,4/15/2026,Rent,1150.0,Cash,February
843,4/16/2026,Rent,1298.0,Online,April
844,4/16/2026,Utilities,8984.0,Online,December
845,4/17/2026,Utilities,3566.0,Online,June
846,4/18/2026,Food,1804.0,Cash,January
847,4/18/2026,Rent,2852.0,Cash,March
848,4/19/2026,Transport,11800.0,Online,June
849,4/20/2026,Transport,8006.0,Online,March
850,4/21/2026,Health,7024.0,Cash,February
851,4/22/2026,Transport,6887.0,Card,September
852,4/28/2026,Health,7861.0,Online,November
853,4/30/2026,Transport,7036.0,Online,July
854,05-01-2026,Utilities,10461.0,Card,June
855,05-01-2026,Transport,3224.0,Online,October
856,05-03-2026,Utilities,12682.0,Online,September
857,05-03-2026,Utilities,10332.0,Card,December
858,05-04-2026,Shopping,891.0,Cash,March
859,05-06-2026,Entertainment,14788.0,Online,January
860,05-06-2026,Shopping,10845.0,Online,October
861,05-07-2026,Food,13246.0,Card,November
862,05-07-2026,Rent,13381.0,Cash,February
863,05-10-2026,Rent,12357.0,Online,April
864,05-10-2026,Rent,6190.0,Cash,June
865,05-10-2026,Entertainment,7611.0,Card,December
866,05-12-2026,Entertainment,9087.0,Cash,September
867,5/13/2026,Transport,3888.0,Card,September
868,5/13/2026,Health,10376.0,Cash,March
869,5/16/2026,Entertainment,1277.0,Cash,November
870,5/16/2026,Food,675.0,Cash,December
871,5/16/2026,Shopping,14010.0,Card,August
872,5/18/2026,Rent,9027.0,Card,October
873,5/18/2026,Health,8079.0,Card,January
874,5/20/2026,Food,14849.0,Cash,April
875,5/21/2026,Entertainment,12103.0,Online,December
876,5/21/2026,Entertainment,9852.0,Cash,July
877,5/21/2026,Utilities,11858.0,Card,April
878,5/21/2026,Food,13473.0,Cash,November
879,5/21/2026,Food,5443.0,Online,May
880,5/22/2026,Health,4860.0,Online,May
881,5/25/2026,Food,10923.0,Cash,March
882,5/25/2026,Utilities,10206.0,Card,September
883,5/26/2026,Health,5995.0,Cash,April
884,5/27/2026,Food,734.0,Online,February
885,5/28/2026,Food,1691.0,Card,May
886,5/28/2026,Shopping,3527.0,Card,November
887,5/29/2026,Shopping,11663.0,Cash,July
888,5/30/2026,Utilities,11228.0,Online,June
889,5/30/2026,Utilities,4499.0,Online,December
890,06-01-2026,Transport,10160.0,Online,April
891,06-01-2026,Food,2378.0,Online,December
892,06-01-2026,Utilities,8701.0,Card,June
893,06-02-2026,Shopping,5755.0,Card,February
894,06-02-2026,Utilities,7215.0,Online,December
895,06-03-2026,Health,1329.0,Online,March
896,06-03-2026,Rent,12146.0,Card,April
897,06-04-2026,Entertainment,12021.0,Cash,April
898,06-04-2026,Shopping,13131.0,Card,August
899,06-09-2026,Health,14213.0,Cash,November
900,06-10-2026,Utilities,1535.0,Online,May
901,06-10-2026,Rent,12422.0,Cash,September
902,6/13/2026,Transport,12968.0,Online,April
903,6/14/2026,Health,6182.0,Online,April
904,6/14/2026,Health,8542.0,Cash,February
905,6/14/2026,Shopping,13698.0,Online,June
906,6/15/2026,Health,5891.0,Cash,February
907,6/15/2026,Health,9327.0,Cash,September
908,6/16/2026,Health,11973.0,Card,May
909,6/16/2026,Health,3273.0,Card,December
910,6/18/2026,Health,1987.0,Card,January
911,6/21/2026,Food,554.0,Cash,October
912,6/21/2026,Food,10632.0,Cash,June
913,6/24/2026,Shopping,6189.0,Cash,September
914,6/25/2026,Utilities,7825.0,Card,August
915,6/26/2026,Shopping,14946.0,Card,April
916,6/26/2026,Entertainment,13480.0,Cash,May
917,6/27/2026,Health,4311.0,Cash,November
918,6/30/2026,Entertainment,11085.0,Online,October
919,07-01-2026,Food,7152.0,Card,August
920,07-02-2026,Shopping,8608.0,Online,April
921,07-03-2026,Transport,9296.0,Online,September
922,07-04-2026,Rent,13729.0,Card,February
923,07-08-2026,Transport,14726.0,Online,April
924,07-08-2026,Shopping,14551.0,Online,September
925,07-09-2026,Transport,9231.0,Card,July
926,07-09-2026,Shopping,12698.0,Online,January
927,07-10-2026,Rent,1488.0,Cash,March
928,07-10-2026,Shopping,6283.0,Card,January
929,07-11-2026,Utilities,8633.0,Online,August
930,7/13/2026,Food,14209.0,Cash,February
931,7/16/2026,Entertainment,12903.0,Card,September
932,7/17/2026,Health,11915.0,Cash,June
933,7/17/2026,Transport,8565.0,Card,February
934,7/17/2026,Entertainment,4133.0,Cash,October
935,7/17/2026,Shopping,9838.0,Cash,July
936,7/17/2026,Food,10953.0,Card,July
937,7/18/2026,Health,9866.0,Card,November
938,7/20/2026,Rent,13874.0,Card,April
939,7/20/2026,Entertainment,6744.0,Online,May
940,7/22/2026,Transport,8941.0,Cash,July
941,7/23/2026,Rent,14726.0,Card,January
942,7/23/2026,Health,582.0,Cash,May
943,7/24/2026,Utilities,10305.0,Cash,August
944,7/24/2026,Food,6199.0,Cash,December
945,7/31/2026,Food,12747.0,Online,April
946,7/31/2026,Utilities,10089.0,Card,December
947,7/31/2026,Shopping,6981.0,Online,May
948,08-03-2026,Food,9020.0,Card,December
949,08-03-2026,Transport,8327.0,Cash,December
950,08-05-2026,Rent,4982.0,Online,July
951,08-08-2026,Entertainment,1842.0,Card,October
952,08-09-2026,Health,12255.0,Cash,March
953,08-10-2026,Entertainment,8576.0,Card,August
954,08-10-2026,Food,6254.0,Online,August
955,08-10-2026,Transport,14310.0,Cash,October
956,08-11-2026,Food,11471.0,Card,June
957,08-12-2026,Rent,5209.0,Card,September
958,08-12-2026,Food,121.0,Cash,February
959,8/13/2026,Food,7590.0,Card,July
960,8/13/2026,Food,1489.0,Card,May
961,8/14/2026,Food,9731.0,Online,June
962,8/14/2026,Transport,5205.0,Card,March
963,8/15/2026,Food,5226.0,Cash,May
964,8/15/2026,Rent,12695.0,Card,July
965,8/15/2026,Food,13431.0,Card,February
966,8/15/2026,Shopping,14164.0,Cash,June
967,8/15/2026,Transport,11845.0,Online,November
968,8/15/2026,Food,11679.0,Online,November
969,8/16/2026,Food,11066.0,Cash,November
970,8/16/2026,Entertainment,12220.0,Card,May
971,8/17/2026,Rent,4880.0,Card,February
972,8/18/2026,Rent,1236.0,Online,March
973,8/19/2026,Shopping,13142.0,Card,July
974,8/20/2026,Transport,7573.0,Cash,August
975,8/20/2026,Rent,5563.0,Card,August
976,8/25/2026,Transport,11338.0,Card,November
977,8/25/2026,Rent,10533.0,Cash,May
978,8/27/2026,Food,5550.0,Cash,July
979,8/28/2026,Utilities,172.0,Cash,October
980,8/29/2026,Shopping,4699.0,Card,May
981,8/29/2026,Health,1904.0,Cash,June
982,8/30/2026,Shopping,3456.0,Cash,June
983,8/30/2026,Health,13060.0,Cash,September
984,8/31/2026,Transport,7695.0,Online,June
985,09-01-2026,Utilities,13361.0,Online,March
986,09-02-2026,Health,2836.0,Online,March
987,09-04-2026,Transport,11307.0,Cash,April
988,09-07-2026,Health,8695.0,Cash,September
989,09-08-2026,Health,3046.0,Online,March
990,09-09-2026,Entertainment,11071.0,Card,May
991,09-12-2026,Entertainment,13679.0,Cash,February
992,9/13/2026,Transport,11409.0,Card,December
993,9/14/2026,Shopping,9859.0,Online,March
994,9/14/2026,Utilities,3172.0,Cash,February
995,9/16/2026,Health,3596.0,Cash,November
996,9/18/2026,Transport,14094.0,Cash,July
997,9/19/2026,Entertainment,10931.0,Cash,August
998,9/19/2026,Rent,258.0,Cash,December
999,9/22/2026,Health,10003.0,Card,October
1000,9/22/2026,Entertainment,9007.0,Card,November
1001,9/23/2026,Utilities,10101.0,Online,September
1002,9/23/2026,Food,6738.0,Card,April
1003,9/25/2026,Food,7217.0,Cash,August
1004,9/25/2026,Utilities,2840.0,Online,December
